{
  "DKF": {
    "Acc_Dr": 94.16666666666667,
    "Acc_Df": 2.24,
    "Acc_val": 76.36,
    "MIA": 51.7,
    "Retain_Feature_Cosine": 0.9118736386299133,
    "Retain_Feature_Drift": 0.08812636137008667,
    "Retain_Feature_MSE": 0.00034424386103637516,
    "Forget_Feature_Cosine": 0.7618499994277954,
    "Forget_Feature_Drift": 0.2381500005722046,
    "Retain_Agreement": 94.44,
    "Retain_KL": 0.14107015501260758,
    "Forget_Agreement": 3.24,
    "Forget_KL": 3.517345606994629,
    "Retain_ARI": 0.9043442637898681,
    "Retain_NMI": 0.8950155675979502,
    "Avg.Gap": 2.5811111111111145
  },
  "RA-DKF \u03bb=0.1": {
    "Acc_Dr": 94.26,
    "Acc_Df": 1.9,
    "Acc_val": 76.11,
    "MIA": 55.60000000000001,
    "Retain_Feature_Cosine": 0.8889532089233398,
    "Retain_Feature_Drift": 0.11104679107666016,
    "Retain_Feature_MSE": 0.0004337767604738474,
    "Forget_Feature_Cosine": 0.7331908941268921,
    "Forget_Feature_Drift": 0.2668091058731079,
    "Retain_Agreement": 94.48,
    "Retain_KL": 0.15125527143478393,
    "Forget_Agreement": 3.04,
    "Forget_KL": 3.332017755126953,
    "Retain_ARI": 0.8722354194121498,
    "Retain_NMI": 0.86318782992858,
    "Avg.Gap": 3.5102777777777825
  },
  "RA-DKF \u03bb=0.5": {
    "Acc_Dr": 94.58888888888889,
    "Acc_Df": 3.42,
    "Acc_val": 76.68,
    "MIA": 54.15,
    "Retain_Feature_Cosine": 0.903541624546051,
    "Retain_Feature_Drift": 0.09645837545394897,
    "Retain_Feature_MSE": 0.00037679116940125823,
    "Forget_Feature_Cosine": 0.7559400200843811,
    "Forget_Feature_Drift": 0.2440599799156189,
    "Retain_Agreement": 94.7,
    "Retain_KL": 0.14603794232606887,
    "Forget_Agreement": 4.72,
    "Forget_KL": 3.049940358352661,
    "Retain_ARI": 0.896251191204676,
    "Retain_NMI": 0.8860167897576544,
    "Avg.Gap": 3.303055555555557
  },
  "RA-DKF \u03bb=1": {
    "Acc_Dr": 93.56222222222222,
    "Acc_Df": 5.64,
    "Acc_val": 76.3,
    "MIA": 52.6,
    "Retain_Feature_Cosine": 0.8906790018081665,
    "Retain_Feature_Drift": 0.1093209981918335,
    "Retain_Feature_MSE": 0.00042703544022515416,
    "Forget_Feature_Cosine": 0.7472620606422424,
    "Forget_Feature_Drift": 0.25273793935775757,
    "Retain_Agreement": 93.54,
    "Retain_KL": 0.1683061062335968,
    "Forget_Agreement": 6.32,
    "Forget_KL": 3.1075700942993163,
    "Retain_ARI": 0.8435092804167273,
    "Retain_NMI": 0.8370131944853224,
    "Avg.Gap": 3.822222222222228
  }
}