{
  "DKF": {
    "Acc_Dr": 93.97555555555556,
    "Acc_Df": 2.38,
    "Acc_val": 76.35,
    "MIA": 53.900000000000006,
    "Retain_Feature_Cosine": 0.9123721718788147,
    "Retain_Feature_Drift": 0.0876278281211853,
    "Retain_Feature_MSE": 0.00034229669836349785,
    "Forget_Feature_Cosine": 0.7602654099464417,
    "Forget_Feature_Drift": 0.23973459005355835,
    "Retain_Agreement": 94.64,
    "Retain_KL": 0.13871390273571013,
    "Forget_Agreement": 3.66,
    "Forget_KL": 3.5157153896331788,
    "Retain_ARI": 0.8932250437518964,
    "Retain_NMI": 0.8880616433182187,
    "Avg.Gap": 3.2163888888888943
  },
  "E-RA-DKF avgpool la=0.05 lf=0.01": {
    "Acc_Dr": 95.64666666666666,
    "Acc_Df": 36.84,
    "Acc_val": 80.61,
    "MIA": 53.400000000000006,
    "Retain_Feature_Cosine": 0.9632152318954468,
    "Retain_Feature_Drift": 0.03678476810455322,
    "Retain_Feature_MSE": 0.00014369100972544402,
    "Forget_Feature_Cosine": 0.8692787289619446,
    "Forget_Feature_Drift": 0.13072127103805542,
    "Retain_Agreement": 96.3,
    "Retain_KL": 0.09521029686927795,
    "Forget_Agreement": 36.98,
    "Forget_KL": 2.265976929283142,
    "Retain_ARI": 0.9123734459907161,
    "Retain_NMI": 0.9051355274301289,
    "Avg.Gap": 10.813611111111115,
    "Checkpoint": "/Users/sidhu/Zoro/MU/week8_enhanced_radkf/checkpoints/enhanced_radkf_avgpool_la_0p05_lf_0p01_detach.pth",
    "Align_Layers": [
      "avgpool"
    ],
    "Detach_Retain_Contrast": true,
    "Lambda_Align": 0.05,
    "Lambda_Forget": 0.01,
    "Lambda_C": 0.01
  },
  "E-RA-DKF avgpool la=0.05 lf=0.02": {
    "Acc_Dr": 94.76666666666667,
    "Acc_Df": 33.56,
    "Acc_val": 79.51,
    "MIA": 53.349999999999994,
    "Retain_Feature_Cosine": 0.9528516530990601,
    "Retain_Feature_Drift": 0.04714834690093994,
    "Retain_Feature_MSE": 0.00018417347746435553,
    "Forget_Feature_Cosine": 0.8557963967323303,
    "Forget_Feature_Drift": 0.14420360326766968,
    "Retain_Agreement": 94.86,
    "Retain_KL": 0.1308253347158432,
    "Forget_Agreement": 34.94,
    "Forget_KL": 2.3249829723358153,
    "Retain_ARI": 0.9053174323228521,
    "Retain_NMI": 0.8949356756012644,
    "Avg.Gap": 9.926111111111112,
    "Checkpoint": "/Users/sidhu/Zoro/MU/week8_enhanced_radkf/checkpoints/enhanced_radkf_avgpool_la_0p05_lf_0p02_detach.pth",
    "Align_Layers": [
      "avgpool"
    ],
    "Detach_Retain_Contrast": true,
    "Lambda_Align": 0.05,
    "Lambda_Forget": 0.02,
    "Lambda_C": 0.01
  },
  "E-RA-DKF avgpool la=0.05 lf=0.03": {
    "Acc_Dr": 96.38,
    "Acc_Df": 26.18,
    "Acc_val": 80.21,
    "MIA": 51.74999999999999,
    "Retain_Feature_Cosine": 0.9572874903678894,
    "Retain_Feature_Drift": 0.042712509632110596,
    "Retain_Feature_MSE": 0.00016684610454831272,
    "Forget_Feature_Cosine": 0.835927426815033,
    "Forget_Feature_Drift": 0.16407257318496704,
    "Retain_Agreement": 96.32,
    "Retain_KL": 0.08149425437450408,
    "Forget_Agreement": 26.82,
    "Forget_KL": 2.61226460609436,
    "Retain_ARI": 0.9294974306648734,
    "Retain_NMI": 0.9174855957010178,
    "Avg.Gap": 7.452777777777776,
    "Checkpoint": "/Users/sidhu/Zoro/MU/week8_enhanced_radkf/checkpoints/enhanced_radkf_avgpool_la_0p05_lf_0p03_detach.pth",
    "Align_Layers": [
      "avgpool"
    ],
    "Detach_Retain_Contrast": true,
    "Lambda_Align": 0.05,
    "Lambda_Forget": 0.03,
    "Lambda_C": 0.01
  },
  "E-RA-DKF avgpool la=0.05 lf=0.04": {
    "Acc_Dr": 93.28666666666666,
    "Acc_Df": 22.52,
    "Acc_val": 77.71,
    "MIA": 52.25,
    "Retain_Feature_Cosine": 0.9343388676643372,
    "Retain_Feature_Drift": 0.06566113233566284,
    "Retain_Feature_MSE": 0.00025648908922448754,
    "Forget_Feature_Cosine": 0.7946701049804688,
    "Forget_Feature_Drift": 0.20532989501953125,
    "Retain_Agreement": 93.42,
    "Retain_KL": 0.1632472617149353,
    "Forget_Agreement": 22.36,
    "Forget_KL": 2.7526341945648194,
    "Retain_ARI": 0.869838513332171,
    "Retain_NMI": 0.8608373766917216,
    "Avg.Gap": 7.671111111111117,
    "Checkpoint": "/Users/sidhu/Zoro/MU/week8_enhanced_radkf/checkpoints/enhanced_radkf_avgpool_la_0p05_lf_0p04_detach.pth",
    "Align_Layers": [
      "avgpool"
    ],
    "Detach_Retain_Contrast": true,
    "Lambda_Align": 0.05,
    "Lambda_Forget": 0.04,
    "Lambda_C": 0.01
  },
  "E-RA-DKF avgpool la=0.05 lf=0.05": {
    "Acc_Dr": 95.22666666666667,
    "Acc_Df": 22.34,
    "Acc_val": 78.89,
    "MIA": 53.300000000000004,
    "Retain_Feature_Cosine": 0.9375506043434143,
    "Retain_Feature_Drift": 0.06244939565658569,
    "Retain_Feature_MSE": 0.00024394340289290994,
    "Forget_Feature_Cosine": 0.7908591032028198,
    "Forget_Feature_Drift": 0.20914089679718018,
    "Retain_Agreement": 95.58,
    "Retain_KL": 0.1032939055621624,
    "Forget_Agreement": 22.32,
    "Forget_KL": 2.3567933452606202,
    "Retain_ARI": 0.892625322791189,
    "Retain_NMI": 0.8821648080818151,
    "Avg.Gap": 7.108611111111114,
    "Checkpoint": "/Users/sidhu/Zoro/MU/week8_enhanced_radkf/checkpoints/enhanced_radkf_avgpool_la_0p05_lf_0p05_detach.pth",
    "Align_Layers": [
      "avgpool"
    ],
    "Detach_Retain_Contrast": true,
    "Lambda_Align": 0.05,
    "Lambda_Forget": 0.05,
    "Lambda_C": 0.01
  },
  "E-RA-DKF avgpool la=0.05 lf=0.06": {
    "Acc_Dr": 95.98666666666666,
    "Acc_Df": 3.22,
    "Acc_val": 77.26,
    "MIA": 53.5,
    "Retain_Feature_Cosine": 0.9269431829452515,
    "Retain_Feature_Drift": 0.07305681705474854,
    "Retain_Feature_MSE": 0.0002853789192158729,
    "Forget_Feature_Cosine": 0.765023946762085,
    "Forget_Feature_Drift": 0.23497605323791504,
    "Retain_Agreement": 96.28,
    "Retain_KL": 0.10170034419298173,
    "Forget_Agreement": 4.08,
    "Forget_KL": 3.2937978603363036,
    "Retain_ARI": 0.910409620923011,
    "Retain_NMI": 0.8982092870636926,
    "Avg.Gap": 2.596111111111114,
    "Checkpoint": "/Users/sidhu/Zoro/MU/week8_enhanced_radkf/checkpoints/enhanced_radkf_avgpool_la_0p05_lf_0p06_detach.pth",
    "Align_Layers": [
      "avgpool"
    ],
    "Detach_Retain_Contrast": true,
    "Lambda_Align": 0.05,
    "Lambda_Forget": 0.06,
    "Lambda_C": 0.01
  },
  "E-RA-DKF avgpool la=0.05 lf=0.07": {
    "Acc_Dr": 96.47777777777777,
    "Acc_Df": 3.8,
    "Acc_val": 78.18,
    "MIA": 54.55,
    "Retain_Feature_Cosine": 0.9272242188453674,
    "Retain_Feature_Drift": 0.07277578115463257,
    "Retain_Feature_MSE": 0.0002842806570697576,
    "Forget_Feature_Cosine": 0.764656126499176,
    "Forget_Feature_Drift": 0.23534387350082397,
    "Retain_Agreement": 97.34,
    "Retain_KL": 0.08331632808446884,
    "Forget_Agreement": 4.4,
    "Forget_KL": 2.974517942047119,
    "Retain_ARI": 0.9090587511685083,
    "Retain_NMI": 0.9011639868770348,
    "Avg.Gap": 2.6508333333333356,
    "Checkpoint": "/Users/sidhu/Zoro/MU/week8_enhanced_radkf/checkpoints/enhanced_radkf_avgpool_la_0p05_lf_0p07_detach.pth",
    "Align_Layers": [
      "avgpool"
    ],
    "Detach_Retain_Contrast": true,
    "Lambda_Align": 0.05,
    "Lambda_Forget": 0.07,
    "Lambda_C": 0.01
  },
  "E-RA-DKF avgpool la=0.05 lf=0.08": {
    "Acc_Dr": 95.2311111111111,
    "Acc_Df": 3.8,
    "Acc_val": 76.95,
    "MIA": 56.15,
    "Retain_Feature_Cosine": 0.9043672680854797,
    "Retain_Feature_Drift": 0.09563273191452026,
    "Retain_Feature_MSE": 0.0003735657664947212,
    "Forget_Feature_Cosine": 0.7544835805892944,
    "Forget_Feature_Drift": 0.24551641941070557,
    "Retain_Agreement": 95.28,
    "Retain_KL": 0.14147762150764465,
    "Forget_Agreement": 5.24,
    "Forget_KL": 3.0844163116455077,
    "Retain_ARI": 0.8978613312981935,
    "Retain_NMI": 0.8904242373779649,
    "Avg.Gap": 3.6700000000000044,
    "Checkpoint": "/Users/sidhu/Zoro/MU/week8_enhanced_radkf/checkpoints/enhanced_radkf_avgpool_la_0p05_lf_0p08_detach.pth",
    "Align_Layers": [
      "avgpool"
    ],
    "Detach_Retain_Contrast": true,
    "Lambda_Align": 0.05,
    "Lambda_Forget": 0.08,
    "Lambda_C": 0.01
  },
  "E-RA-DKF avgpool la=0.05 lf=0.09": {
    "Acc_Dr": 95.7,